{
  "application": "edgeai_python_ort_image",
  "candidate_counts": {
    "invalid_box_count": 0,
    "nms_candidate_count": 5,
    "raw_candidate_count": 25200,
    "threshold_candidate_count": 60
  },
  "configuration": {
    "class_aware_nms": true,
    "confidence_threshold": 0.25,
    "input_size": [
      640,
      640
    ],
    "iou_threshold": 0.45,
    "max_detections": 1000,
    "schema_version": 1
  },
  "configuration_file": {
    "path": "configs/yolov5n_v7_inference.json",
    "sha256": "82ef24f773a6ffb8e06e26b94747bd1b581408b19adae293b3ecfd8b228ee96d"
  },
  "detections": [
    {
      "box_xywh_input": [
        301.947906,
        425.96814,
        182.977005,
        55.453384
      ],
      "box_xyxy_input": [
        210.459412,
        398.241455,
        393.436401,
        453.694824
      ],
      "box_xyxy_source": [
        420.918823,
        636.48291,
        786.872803,
        747.389648
      ],
      "candidate_index": 24269,
      "class_id": 66,
      "class_name": "keyboard",
      "class_score": 0.992476,
      "confidence": 0.892058,
      "objectness": 0.898821,
      "rank": 1
    },
    {
      "box_xywh_input": [
        324.063293,
        279.869781,
        247.59166,
        144.187943
      ],
      "box_xyxy_input": [
        200.267456,
        207.775818,
        447.859131,
        351.963745
      ],
      "box_xyxy_source": [
        400.534912,
        255.551636,
        895.718262,
        543.92749
      ],
      "candidate_index": 24170,
      "class_id": 62,
      "class_name": "tv",
      "class_score": 0.983788,
      "confidence": 0.816359,
      "objectness": 0.829812,
      "rank": 2
    },
    {
      "box_xywh_input": [
        150.267242,
        426.210205,
        47.679558,
        78.886703
      ],
      "box_xyxy_input": [
        126.42746,
        386.766846,
        174.107025,
        465.653564
      ],
      "box_xyxy_source": [
        252.854919,
        613.533691,
        348.21405,
        771.307129
      ],
      "candidate_index": 24265,
      "class_id": 41,
      "class_name": "cup",
      "class_score": 0.940981,
      "confidence": 0.707963,
      "objectness": 0.752367,
      "rank": 3
    },
    {
      "box_xywh_input": [
        460.20401,
        455.994049,
        49.881451,
        35.979469
      ],
      "box_xyxy_input": [
        435.263275,
        438.004303,
        485.144745,
        473.983795
      ],
      "box_xyxy_source": [
        870.52655,
        716.008606,
        970.28949,
        787.96759
      ],
      "candidate_index": 24293,
      "class_id": 64,
      "class_name": "mouse",
      "class_score": 0.937153,
      "confidence": 0.394466,
      "objectness": 0.42092,
      "rank": 4
    },
    {
      "box_xywh_input": [
        109.867203,
        427.224121,
        34.018238,
        18.381845
      ],
      "box_xyxy_input": [
        92.858086,
        418.033203,
        126.87632,
        436.415039
      ],
      "box_xyxy_source": [
        185.716171,
        676.066406,
        253.75264,
        712.830078
      ],
      "candidate_index": 21847,
      "class_id": 64,
      "class_name": "mouse",
      "class_score": 0.88002,
      "confidence": 0.274518,
      "objectness": 0.311945,
      "rank": 5
    }
  ],
  "generated_at": "2026-07-20T17:43:07+08:00",
  "human_review": {
    "approved_image_sha256": "57dd15410b66da0ef30c08ddb6d077c37698c6cfc9b4d876d8882270459645f2",
    "findings": [
      "keyboard, tv, cup, and rank-4 mouse detections are correct with reasonable boxes",
      "rank-5 mouse at confidence 0.274518 is an earbud-case false positive",
      "the false-positive box aligns with the earbud case and shows no systematic coordinate offset",
      "no duplicate, NMS, letterbox mapping, clipping, or label-drawing anomaly was observed"
    ],
    "model_limitation": "The earbud case misclassification is retained as a YOLOv5n model false positive, not a deployment implementation error.",
    "recorded_at": "2026-07-20T17:42:21+08:00",
    "status": "APPROVED_WITH_KNOWN_MODEL_FALSE_POSITIVE"
  },
  "model": {
    "execution_provider": "CPUExecutionProvider",
    "manifest_path": "models/yolov5n-v7.0/manifest.json",
    "path": "models/yolov5n-v7.0/yolov5n.onnx",
    "runtime_inputs": [
      {
        "dtype": "FLOAT",
        "name": "images",
        "ort_type": "tensor(float)",
        "shape": [
          1,
          3,
          640,
          640
        ]
      }
    ],
    "runtime_outputs": [
      {
        "dtype": "FLOAT",
        "name": "output0",
        "ort_type": "tensor(float)",
        "shape": [
          1,
          25200,
          85
        ]
      }
    ],
    "sha256": "78ac19bbec667f9a60e483c950f450e320e8efe3930a40edaa248fdce659c121"
  },
  "output_image": {
    "decode_validation": "PASS",
    "path": "results/images/python_ort_reference.png",
    "sha256": "57dd15410b66da0ef30c08ddb6d077c37698c6cfc9b4d876d8882270459645f2",
    "shape_bgr": [
      960,
      1280,
      3
    ],
    "size_bytes": 1260338,
    "visual_review": "APPROVED_WITH_KNOWN_MODEL_FALSE_POSITIVE"
  },
  "preprocess": {
    "interpolation": "cv2.INTER_LINEAR",
    "original_size": {
      "height": 960,
      "width": 1280
    },
    "pad_color_bgr": [
      114,
      114,
      114
    ],
    "padding": {
      "bottom": 80,
      "left": 0,
      "right": 0,
      "top": 80
    },
    "resized_size": {
      "height": 480,
      "width": 640
    },
    "scale": 0.5,
    "target_size": {
      "height": 640,
      "width": 640
    },
    "transforms": [
      "BGR_TO_RGB",
      "HWC_TO_CHW",
      "uint8_TO_float32",
      "divide_by_255",
      "add_batch_dimension"
    ]
  },
  "schema_version": 1,
  "source_image": {
    "path": "data/samples/images/pc_reference.jpg",
    "sha256": "625a64f72f19c7c674383f060c85c4c5a55068e0916ccb12e285e438d3036071",
    "shape_bgr": [
      960,
      1280,
      3
    ],
    "size_bytes": 157404
  },
  "timings_ms": {
    "boundaries": {
      "inference": "session.run only",
      "postprocess": "decode, threshold, class-aware NMS, inverse map, clipping",
      "preprocess": "image decode, letterbox, color/layout conversion, normalization",
      "visualization_and_png_write": "copy, draw labels/boxes, PNG encode and write"
    },
    "clock": "time.perf_counter_ns",
    "inference": 23.023305,
    "measurement_type": "single-run diagnostic, not a benchmark",
    "postprocess": 7.657632,
    "preprocess": 13.416208,
    "visualization_and_png_write": 23.877807
  }
}
